fxy, count, header, center 
'0-0-1', 2, JSMT44 KWBC, 7.0 (US National Weather Service (NCEP)) 
'0-0-2', 4, JSMF17 KWNO, 7.0 (US National Weather Service (NCEP)) 
'0-0-3', 3, JSMF15 KWNO, 7.0 (US National Weather Service (NCEP)) 
'0-0-4', 2, JSML35 KWNO, 7.0 (US National Weather Service (NCEP)) 
'0-0-5', 3, JSMT37 KWNO, 7.0 (US National Weather Service (NCEP)) 
'0-0-6', 2, JSMT36 KWNO, 7.0 (US National Weather Service (NCEP)) 
'0-0-7', 2, JSMT35 KWNO, 7.0 (US National Weather Service (NCEP)) 
'0-0-8', 2, JSMT32 KWNO, 7.0 (US National Weather Service (NCEP)) 
'0-0-9', 1, JSMF13 KWNO, 7.0 (US National Weather Service (NCEP)) 
'0-0-10', 2, JSMT34 KWNO, 7.0 (US National Weather Service (NCEP)) 
'0-0-11', 2, JSMT31 KWNO, 7.0 (US National Weather Service (NCEP)) 
'0-0-12', 1, JSML33 KWNO, 7.0 (US National Weather Service (NCEP)) 
'0-0-17', 1, JSMT33 KWNO, 7.0 (US National Weather Service (NCEP)) 
'0-0-18', 1, JSMT33 KWNO, 7.0 (US National Weather Service (NCEP)) 
'0-1-1', 27, IUPE01 SBBR, 255.0 (Unknown center=255) 
'0-1-2', 27, IUPE01 SBBR, 255.0 (Unknown center=255) 
'0-1-3', 1, IUKD12 EDZW, 255.0 (Unknown center=255) 
'0-1-6', 2, IUAA01 CWAO, 53.0 (Montreal (RSMC)) 
'0-1-7', 20, IUCI64 SBBR, 46.0 (Brazilian Space Agency ? INPE) 
'0-1-8', 5, IUAA01 CWAO, 53.0 (Montreal (RSMC)) 
'0-1-11', 5, IUPE01 SBBR, 255.0 (Unknown center=255) 
'0-1-12', 9, ISZD59 EUSR, 210.1 (Frascati (ESA/ESRIN)) 
'0-1-15', 1, ISAI01 SBBR, 255.0 (Unknown center=255) 
'0-1-18', 3, IUPT42 KBOU, 59.0 (The NOAA Forecast Systems Laboratory) 
'0-1-22', 3, JUVE00 KKCI, 7.0 (US National Weather Service (NCEP)) 
'0-1-23', 2, IUAC01 RKSL, 40.0 (Seoul) 
'0-1-25', 1, ISXA40 KWNO, 7.3 (NCEP /  Central Operations) 
'0-1-26', 3, JUVE00 KKCI, 7.0 (US National Weather Service (NCEP)) 
'0-1-31', 54, IUCI64 SBBR, 46.0 (Brazilian Space Agency ? INPE) 
'0-1-32', 60, IUCI64 SBBR, 46.0 (Brazilian Space Agency ? INPE) 
'0-1-33', 12, ISZA01 LFPW, 85.0 (Toulouse (RSMC)) 
'0-1-34', 9, ISZD59 EUSR, 210.1 (Frascati (ESA/ESRIN)) 
'0-1-41', 11, ISZD59 EUSR, 210.1 (Frascati (ESA/ESRIN)) 
'0-1-42', 11, ISZD59 EUSR, 210.1 (Frascati (ESA/ESRIN)) 
'0-1-43', 11, ISZD59 EUSR, 210.1 (Frascati (ESA/ESRIN)) 
'0-1-50', 1, IUTD14 EKMI, 94.0 (Copenhagen) 
'0-1-63', 34, JSMT71 KWNH, 7.0 (US National Weather Service (NCEP)) 
'0-1-101', 1, ISAI01 SBBR, 255.0 (Unknown center=255) 
'0-1-102', 1, ISAI01 SBBR, 255.0 (Unknown center=255) 
'0-1-194', 1, ISXT40 KBOU, 59.0 (The NOAA Forecast Systems Laboratory) 
'0-1-198', 1, JUSA41 KWNO, 7.3 (NCEP /  Central Operations) 
'0-1-205', 2, JUSA41 KWBC, 7.3 (NCEP /  Central Operations) 
'0-2-1', 4, ISAI01 SBBR, 255.0 (Unknown center=255) 
'0-2-3', 10, IUPE01 SBBR, 255.0 (Unknown center=255) 
'0-2-5', 2, IUAA01 CWAO, 53.0 (Montreal (RSMC)) 
'0-2-11', 23, IUPE01 SBBR, 255.0 (Unknown center=255) 
'0-2-12', 14, IUST51 KWBC, 7.0 (US National Weather Service (NCEP)) 
'0-2-13', 9, IUPE01 SBBR, 255.0 (Unknown center=255) 
'0-2-14', 9, IUPE01 SBBR, 255.0 (Unknown center=255) 
'0-2-19', 1, IUTD14 EKMI, 94.0 (Copenhagen) 
'0-2-20', 6, IUCI64 SBBR, 46.0 (Brazilian Space Agency ? INPE) 
'0-2-21', 10, ISZD59 EUSR, 210.1 (Frascati (ESA/ESRIN)) 
'0-2-22', 1, IUTX01 KNES, 7.3 (NCEP /  Central Operations) 
'0-2-23', 6, IUCI64 SBBR, 46.0 (Brazilian Space Agency ? INPE) 
'0-2-28', 4, JFCX01 KNES, 160.0 (US NOAA/NESDIS) 
'0-2-29', 4, JFCX01 KNES, 160.0 (US NOAA/NESDIS) 
'0-2-38', 1, ISAI01 SBBR, 255.0 (Unknown center=255) 
'0-2-48', 2, ISZA01 LFPW, 85.0 (Toulouse (RSMC)) 
'0-2-49', 1, JUTX07 KNES, 7.0 (US National Weather Service (NCEP)) 
'0-2-50', 1, JUTX07 KNES, 7.0 (US National Weather Service (NCEP)) 
'0-2-53', 4, JUTX07 KNES, 7.0 (US National Weather Service (NCEP)) 
'0-2-54', 4, JUTX07 KNES, 7.0 (US National Weather Service (NCEP)) 
'0-2-57', 4, JFCX01 KNES, 160.0 (US NOAA/NESDIS) 
'0-2-61', 2, IUAA01 CWAO, 53.0 (Montreal (RSMC)) 
'0-2-62', 2, IUAA01 CWAO, 53.0 (Montreal (RSMC)) 
'0-2-64', 5, IUAA01 CWAO, 53.0 (Montreal (RSMC)) 
'0-2-121', 4, ISZA01 LFPW, 85.0 (Toulouse (RSMC)) 
'0-2-134', 1, IUPT42 KBOU, 59.0 (The NOAA Forecast Systems Laboratory) 
'0-2-135', 1, IUPT42 KBOU, 59.0 (The NOAA Forecast Systems Laboratory) 
'0-2-152', 5, IUCI64 SBBR, 46.0 (Brazilian Space Agency ? INPE) 
'0-2-153', 4, JFCX01 KNES, 160.0 (US NOAA/NESDIS) 
'0-2-154', 4, JFCX01 KNES, 160.0 (US NOAA/NESDIS) 
'0-2-163', 8, JFCX01 KNES, 160.0 (US NOAA/NESDIS) 
'0-2-164', 4, JFCX01 KNES, 160.0 (US NOAA/NESDIS) 
'0-2-172', 1, IUTD14 EKMI, 94.0 (Copenhagen) 
'0-2-173', 1, ISZA01 LFPW, 85.0 (Toulouse (RSMC)) 
'0-2-175', 1, ISAI01 SBBR, 255.0 (Unknown center=255) 
'0-2-176', 1, ISAI01 SBBR, 255.0 (Unknown center=255) 
'0-2-177', 1, ISAI01 SBBR, 255.0 (Unknown center=255) 
'0-2-178', 1, ISAI01 SBBR, 255.0 (Unknown center=255) 
'0-2-179', 1, ISAI01 SBBR, 255.0 (Unknown center=255) 
'0-2-180', 1, ISAI01 SBBR, 255.0 (Unknown center=255) 
'0-2-181', 1, ISAI01 SBBR, 255.0 (Unknown center=255) 
'0-2-182', 1, ISAI01 SBBR, 255.0 (Unknown center=255) 
'0-2-183', 1, ISAI01 SBBR, 255.0 (Unknown center=255) 
'0-2-184', 1, ISAI01 SBBR, 255.0 (Unknown center=255) 
'0-2-185', 1, ISAI01 SBBR, 255.0 (Unknown center=255) 
'0-2-186', 1, ISAI01 SBBR, 255.0 (Unknown center=255) 
'0-2-187', 1, ISAI01 SBBR, 255.0 (Unknown center=255) 
'0-2-188', 1, ISAI01 SBBR, 255.0 (Unknown center=255) 
'0-2-189', 1, ISAI01 SBBR, 255.0 (Unknown center=255) 
'0-2-196', 1, JUSA41 KWNO, 7.3 (NCEP /  Central Operations) 
'0-2-200', 34, JSMT71 KWNH, 7.0 (US National Weather Service (NCEP)) 
'0-4-1', 154, IUCI64 SBBR, 46.0 (Brazilian Space Agency ? INPE) 
'0-4-2', 152, IUCI64 SBBR, 46.0 (Brazilian Space Agency ? INPE) 
'0-4-3', 152, IUCI64 SBBR, 46.0 (Brazilian Space Agency ? INPE) 
'0-4-4', 168, IUCI64 SBBR, 46.0 (Brazilian Space Agency ? INPE) 
'0-4-5', 128, IUCI64 SBBR, 46.0 (Brazilian Space Agency ? INPE) 
'0-4-6', 47, IUCI64 SBBR, 46.0 (Brazilian Space Agency ? INPE) 
'0-4-7', 1, ISZA01 LFPW, 85.0 (Toulouse (RSMC)) 
'0-4-16', 2, IUKD12 EDZW, 255.0 (Unknown center=255) 
'0-4-24', 38, JSMT71 KWNH, 7.0 (US National Weather Service (NCEP)) 
'0-4-25', 17, ISAI01 SBBR, 255.0 (Unknown center=255) 
'0-4-26', 4, JSAT98 KKCI, 7.0 (US National Weather Service (NCEP)) 
'0-4-31', 95, JSMT30 KWNO, 7.0 (US National Weather Service (NCEP)) 
'0-4-43', 4, JUTX07 KNES, 7.0 (US National Weather Service (NCEP)) 
'0-4-86', 10, IUPE01 SBBR, 255.0 (Unknown center=255) 
'0-4-194', 2, JUSA41 KWBC, 7.3 (NCEP /  Central Operations) 
'0-5-1', 24, IUCI64 SBBR, 46.0 (Brazilian Space Agency ? INPE) 
'0-5-2', 522, JSMT71 KWNH, 7.0 (US National Weather Service (NCEP)) 
'0-5-15', 10, IUPE01 SBBR, 255.0 (Unknown center=255) 
'0-5-21', 26, ISXA40 KWNO, 7.3 (NCEP /  Central Operations) 
'0-5-40', 5, ISZA01 LFPW, 85.0 (Toulouse (RSMC)) 
'0-5-42', 35, IUTX01 KNES, 7.3 (NCEP /  Central Operations) 
'0-5-43', 1, IUTX01 KNES, 7.3 (NCEP /  Central Operations) 
'0-5-201', 1, ISXA01 KWNO, 7.3 (NCEP /  Central Operations) 
'0-5-202', 1, ISXA01 KWNO, 7.3 (NCEP /  Central Operations) 
'0-6-1', 24, IUCI64 SBBR, 46.0 (Brazilian Space Agency ? INPE) 
'0-6-2', 522, JSMT71 KWNH, 7.0 (US National Weather Service (NCEP)) 
'0-6-15', 10, IUPE01 SBBR, 255.0 (Unknown center=255) 
'0-7-1', 35, ISXT40 KBOU, 59.0 (The NOAA Forecast Systems Laboratory) 
'0-7-2', 59, JUBE99 KKCI, 7.0 (US National Weather Service (NCEP)) 
'0-7-3', 2, IUST46 KWBC, 7.0 (US National Weather Service (NCEP)) 
'0-7-4', 87, IUCI64 SBBR, 46.0 (Brazilian Space Agency ? INPE) 
'0-7-5', 5, ISZA01 LFPW, 85.0 (Toulouse (RSMC)) 
'0-7-6', 3, IUPT42 KBOU, 59.0 (The NOAA Forecast Systems Laboratory) 
'0-7-7', 10, IUPE01 SBBR, 255.0 (Unknown center=255) 
'0-7-9', 2, IUTD14 EKMI, 94.0 (Copenhagen) 
'0-7-10', 2631, JUWE96 KKCI, 7.0 (US National Weather Service (NCEP)) 
'0-7-21', 1, JUTX07 KNES, 7.0 (US National Weather Service (NCEP)) 
'0-7-22', 2, JUTX07 KNES, 7.0 (US National Weather Service (NCEP)) 
'0-7-24', 5, JFCX01 KNES, 160.0 (US NOAA/NESDIS) 
'0-7-30', 6, IUPE01 SBBR, 255.0 (Unknown center=255) 
'0-7-31', 6, IUPE01 SBBR, 255.0 (Unknown center=255) 
'0-7-32', 8, ISAI01 SBBR, 255.0 (Unknown center=255) 
'0-7-33', 6, ISAI01 SBBR, 255.0 (Unknown center=255) 
'0-7-40', 1, IUTD14 EKMI, 94.0 (Copenhagen) 
'0-8-1', 33, JUTE97 KKCI, 7.0 (US National Weather Service (NCEP)) 
'0-8-2', 11, IUPE01 SBBR, 255.0 (Unknown center=255) 
'0-8-3', 5, JUTX07 KNES, 7.0 (US National Weather Service (NCEP)) 
'0-8-4', 4, IUAA01 CWAO, 53.0 (Montreal (RSMC)) 
'0-8-5', 9, JUVE00 KKCI, 7.0 (US National Weather Service (NCEP)) 
'0-8-7', 467, JUBE99 KKCI, 7.0 (US National Weather Service (NCEP)) 
'0-8-9', 1, IUAC01 RKSL, 40.0 (Seoul) 
'0-8-10', 1, ISAI01 SBBR, 255.0 (Unknown center=255) 
'0-8-11', 32, JUBE99 KKCI, 7.0 (US National Weather Service (NCEP)) 
'0-8-12', 7, ISZA01 LFPW, 85.0 (Toulouse (RSMC)) 
'0-8-13', 70, JSMT30 KWNO, 7.0 (US National Weather Service (NCEP)) 
'0-8-21', 121, JSMT71 KWNH, 7.0 (US National Weather Service (NCEP)) 
'0-8-22', 15, ISZD59 EUSR, 210.1 (Frascati (ESA/ESRIN)) 
'0-8-23', 17, JUTE97 KKCI, 7.0 (US National Weather Service (NCEP)) 
'0-8-29', 1, ISZA01 LFPW, 85.0 (Toulouse (RSMC)) 
'0-8-40', 6, JUWE96 KKCI, 7.0 (US National Weather Service (NCEP)) 
'0-8-42', 10, IUPE01 SBBR, 255.0 (Unknown center=255) 
'0-8-74', 1, ISZA01 LFPW, 85.0 (Toulouse (RSMC)) 
'0-8-76', 1, ISZA01 LFPW, 85.0 (Toulouse (RSMC)) 
'0-10-2', 4, JUTE97 KKCI, 7.0 (US National Weather Service (NCEP)) 
'0-10-3', 9, IUST54 KWBC, 7.0 (US National Weather Service (NCEP)) 
'0-10-4', 14, ISXT40 KBOU, 59.0 (The NOAA Forecast Systems Laboratory) 
'0-10-8', 3, IUST51 KWBC, 7.0 (US National Weather Service (NCEP)) 
'0-10-9', 6, IUPE01 SBBR, 255.0 (Unknown center=255) 
'0-10-31', 12, ISZD59 EUSR, 210.1 (Frascati (ESA/ESRIN)) 
'0-10-35', 1, IUTD14 EKMI, 94.0 (Copenhagen) 
'0-10-36', 1, IUTD14 EKMI, 94.0 (Copenhagen) 
'0-10-50', 9, ISZD59 EUSR, 210.1 (Frascati (ESA/ESRIN)) 
'0-10-51', 4, ISAI01 SBBR, 255.0 (Unknown center=255) 
'0-10-61', 1, ISAI01 SBBR, 255.0 (Unknown center=255) 
'0-10-63', 1, ISAI01 SBBR, 255.0 (Unknown center=255) 
'0-10-194', 2, JUSA41 KWBC, 7.3 (NCEP /  Central Operations) 
'0-10-195', 2, JUSA41 KWBC, 7.3 (NCEP /  Central Operations) 
'0-11-1', 75, IUCI64 SBBR, 46.0 (Brazilian Space Agency ? INPE) 
'0-11-2', 47, IUCI64 SBBR, 46.0 (Brazilian Space Agency ? INPE) 
'0-11-3', 35, JSMT30 KWNO, 7.0 (US National Weather Service (NCEP)) 
'0-11-4', 35, JSMT30 KWNO, 7.0 (US National Weather Service (NCEP)) 
'0-11-6', 5, IUPC01 RJTD, 34.0 (Tokyo (RSMC)  Japan Meteorological Agency) 
'0-11-11', 1, ISXX03 KNES, 160.0 (US NOAA/NESDIS) 
'0-11-12', 11, ISZA01 LFPW, 85.0 (Toulouse (RSMC)) 
'0-11-16', 1, ISAI01 SBBR, 255.0 (Unknown center=255) 
'0-11-17', 1, ISAI01 SBBR, 255.0 (Unknown center=255) 
'0-11-30', 439, JUCE00 KKCI, 7.0 (US National Weather Service (NCEP)) 
'0-11-31', 3, IUAA01 CWAO, 53.0 (Montreal (RSMC)) 
'0-11-32', 2, IUAA01 CWAO, 53.0 (Montreal (RSMC)) 
'0-11-33', 2, IUAA01 CWAO, 53.0 (Montreal (RSMC)) 
'0-11-36', 3, IUAA01 CWAO, 53.0 (Montreal (RSMC)) 
'0-11-41', 8, ISAI01 SBBR, 255.0 (Unknown center=255) 
'0-11-42', 6, IUST51 KWBC, 7.0 (US National Weather Service (NCEP)) 
'0-11-43', 1, ISAI01 SBBR, 255.0 (Unknown center=255) 
'0-11-50', 12, ISZD59 EUSR, 210.1 (Frascati (ESA/ESRIN)) 
'0-11-51', 3, IUPT43 KBOU, 59.0 (The NOAA Forecast Systems Laboratory) 
'0-11-61', 11, IUPE01 SBBR, 255.0 (Unknown center=255) 
'0-11-62', 11, IUPE01 SBBR, 255.0 (Unknown center=255) 
'0-11-76', 2, IUAA01 CWAO, 53.0 (Montreal (RSMC)) 
'0-11-193', 1, JUSA41 KWNO, 7.3 (NCEP /  Central Operations) 
'0-11-196', 2, JUSA41 KWBC, 7.3 (NCEP /  Central Operations) 
'0-11-197', 2, JUSA41 KWBC, 7.3 (NCEP /  Central Operations) 
'0-11-200', 29, JSMT30 KWNO, 7.0 (US National Weather Service (NCEP)) 
'0-11-206', 1, JUSA41 KWNO, 7.3 (NCEP /  Central Operations) 
'0-11-208', 1, JUSA41 KWNO, 7.3 (NCEP /  Central Operations) 
'0-11-229', 2, JUSA41 KWBC, 7.3 (NCEP /  Central Operations) 
'0-11-231', 1, JUSA41 KWNO, 7.3 (NCEP /  Central Operations) 
'0-11-232', 1, JUSA41 KWNO, 7.3 (NCEP /  Central Operations) 
'0-11-233', 1, JUSA41 KWNO, 7.3 (NCEP /  Central Operations) 
'0-12-1', 70, ISXT40 KBOU, 59.0 (The NOAA Forecast Systems Laboratory) 
'0-12-3', 17, IUST51 KWBC, 7.0 (US National Weather Service (NCEP)) 
'0-12-4', 2, JUSA41 KWBC, 7.3 (NCEP /  Central Operations) 
'0-12-7', 1, IUPT41 KBOU, 59.0 (The NOAA Forecast Systems Laboratory) 
'0-12-21', 23, JSMT30 KWNO, 7.0 (US National Weather Service (NCEP)) 
'0-12-22', 23, JSMT30 KWNO, 7.0 (US National Weather Service (NCEP)) 
'0-12-61', 3, JUSA41 KWBC, 7.3 (NCEP /  Central Operations) 
'0-12-63', 35, IUTX01 KNES, 7.3 (NCEP /  Central Operations) 
'0-12-71', 4, JFCX01 KNES, 160.0 (US NOAA/NESDIS) 
'0-12-101', 11, IUPE01 SBBR, 255.0 (Unknown center=255) 
'0-12-103', 9, IUPE01 SBBR, 255.0 (Unknown center=255) 
'0-12-104', 30, JSMT30 KWNO, 7.0 (US National Weather Service (NCEP)) 
'0-12-106', 30, JSMT30 KWNO, 7.0 (US National Weather Service (NCEP)) 
'0-12-111', 1, ISAI01 SBBR, 255.0 (Unknown center=255) 
'0-12-112', 2, ISAI01 SBBR, 255.0 (Unknown center=255) 
'0-12-161', 1, JUTX07 KNES, 7.0 (US National Weather Service (NCEP)) 
'0-12-163', 5, ISZA01 LFPW, 85.0 (Toulouse (RSMC)) 
'0-12-196', 1, JUSA41 KWNO, 7.3 (NCEP /  Central Operations) 
'0-12-197', 1, JUSA41 KWNO, 7.3 (NCEP /  Central Operations) 
'0-12-198', 2, JUSA41 KWBC, 7.3 (NCEP /  Central Operations) 
'0-12-199', 1, JUSA41 KWNO, 7.3 (NCEP /  Central Operations) 
'0-12-200', 5, JSMT71 KWNH, 7.0 (US National Weather Service (NCEP)) 
'0-12-201', 5, JSMT71 KWNH, 7.0 (US National Weather Service (NCEP)) 
'0-12-202', 1, JUSA41 KWNO, 7.3 (NCEP /  Central Operations) 
'0-12-203', 1, JUSA41 KWNO, 7.3 (NCEP /  Central Operations) 
'0-12-204', 1, JUSA41 KWNO, 7.3 (NCEP /  Central Operations) 
'0-12-205', 1, JUSA41 KWNO, 7.3 (NCEP /  Central Operations) 
'0-12-221', 1, JUSA41 KWNO, 7.3 (NCEP /  Central Operations) 
'0-12-222', 1, JUSA41 KWNO, 7.3 (NCEP /  Central Operations) 
'0-13-1', 4, JUSA41 KWBC, 7.3 (NCEP /  Central Operations) 
'0-13-2', 43, IUAD01 EGRR, 74.0 (UK Meteorological Office Bracknell (RSMC)) 
'0-13-3', 5, ISXT40 KBOU, 59.0 (The NOAA Forecast Systems Laboratory) 
'0-13-11', 1, ISAI01 SBBR, 255.0 (Unknown center=255) 
'0-13-13', 1, ISAI01 SBBR, 255.0 (Unknown center=255) 
'0-13-14', 1, IUPT03 KBOU, 59.0 (The NOAA Forecast Systems Laboratory) 
'0-13-16', 8, ISXT40 KBOU, 59.0 (The NOAA Forecast Systems Laboratory) 
'0-13-19', 1, JUSA41 KWNO, 7.3 (NCEP /  Central Operations) 
'0-13-20', 1, JUSA41 KWBC, 7.3 (NCEP /  Central Operations) 
'0-13-32', 1, JUSA41 KWBC, 7.3 (NCEP /  Central Operations) 
'0-13-33', 1, ISAI01 SBBR, 255.0 (Unknown center=255) 
'0-13-38', 1, IUTX01 KNES, 7.3 (NCEP /  Central Operations) 
'0-13-39', 1, IUTX01 KNES, 7.3 (NCEP /  Central Operations) 
'0-13-42', 2, JUTX07 KNES, 7.0 (US National Weather Service (NCEP)) 
'0-13-55', 1, ISAI01 SBBR, 255.0 (Unknown center=255) 
'0-13-58', 1, ISAI01 SBBR, 255.0 (Unknown center=255) 
'0-13-59', 1, ISAI01 SBBR, 255.0 (Unknown center=255) 
'0-13-90', 1, ISZA01 LFPW, 85.0 (Toulouse (RSMC)) 
'0-13-91', 1, ISZA01 LFPW, 85.0 (Toulouse (RSMC)) 
'0-13-197', 1, JUSA41 KWNO, 7.3 (NCEP /  Central Operations) 
'0-13-198', 2, JUSA41 KWBC, 7.3 (NCEP /  Central Operations) 
'0-13-208', 1, JUSA41 KWNO, 7.3 (NCEP /  Central Operations) 
'0-13-209', 1, JUSA41 KWBC, 7.3 (NCEP /  Central Operations) 
'0-13-210', 2, JUSA41 KWBC, 7.3 (NCEP /  Central Operations) 
'0-13-212', 1, JUSA41 KWNO, 7.3 (NCEP /  Central Operations) 
'0-13-216', 1, JUSA41 KWNO, 7.3 (NCEP /  Central Operations) 
'0-13-218', 1, JUSA41 KWNO, 7.3 (NCEP /  Central Operations) 
'0-13-220', 1, JUSA41 KWNO, 7.3 (NCEP /  Central Operations) 
'0-13-222', 1, JUSA41 KWNO, 7.3 (NCEP /  Central Operations) 
'0-13-224', 1, JUSA41 KWNO, 7.3 (NCEP /  Central Operations) 
'0-13-226', 1, JUSA41 KWNO, 7.3 (NCEP /  Central Operations) 
'0-13-231', 1, JUSA41 KWNO, 7.3 (NCEP /  Central Operations) 
'0-13-232', 2, JUSA41 KWBC, 7.3 (NCEP /  Central Operations) 
'0-13-233', 2, JUSA41 KWBC, 7.3 (NCEP /  Central Operations) 
'0-13-234', 2, JUSA41 KWBC, 7.3 (NCEP /  Central Operations) 
'0-13-235', 2, JUSA41 KWBC, 7.3 (NCEP /  Central Operations) 
'0-13-239', 1, JUSA41 KWNO, 7.3 (NCEP /  Central Operations) 
'0-13-240', 1, JUSA41 KWNO, 7.3 (NCEP /  Central Operations) 
'0-13-244', 1, JUSA41 KWNO, 7.3 (NCEP /  Central Operations) 
'0-14-2', 1, ISAI01 SBBR, 255.0 (Unknown center=255) 
'0-14-4', 1, ISAI01 SBBR, 255.0 (Unknown center=255) 
'0-14-16', 1, ISAI01 SBBR, 255.0 (Unknown center=255) 
'0-14-20', 2, JSMT44 KWBC, 7.0 (US National Weather Service (NCEP)) 
'0-14-28', 1, ISAI01 SBBR, 255.0 (Unknown center=255) 
'0-14-29', 1, ISAI01 SBBR, 255.0 (Unknown center=255) 
'0-14-30', 1, ISAI01 SBBR, 255.0 (Unknown center=255) 
'0-14-31', 1, ISAI01 SBBR, 255.0 (Unknown center=255) 
'0-14-32', 2, JSMT44 KWBC, 7.0 (US National Weather Service (NCEP)) 
'0-14-42', 1, JUTX07 KNES, 7.0 (US National Weather Service (NCEP)) 
'0-14-194', 1, JUSA41 KWNO, 7.3 (NCEP /  Central Operations) 
'0-14-195', 1, JUSA41 KWNO, 7.3 (NCEP /  Central Operations) 
'0-14-198', 1, JUSA41 KWNO, 7.3 (NCEP /  Central Operations) 
'0-14-199', 1, JUSA41 KWNO, 7.3 (NCEP /  Central Operations) 
'0-14-200', 3, JUSA41 KWNO, 7.3 (NCEP /  Central Operations) 
'0-14-201', 1, JUSA41 KWNO, 7.3 (NCEP /  Central Operations) 
'0-14-202', 1, JUSA41 KWNO, 7.3 (NCEP /  Central Operations) 
'0-14-203', 1, JUSA41 KWNO, 7.3 (NCEP /  Central Operations) 
'0-15-1', 1, IUTX01 KNES, 7.3 (NCEP /  Central Operations) 
'0-15-11', 9, ISZD59 EUSR, 210.1 (Frascati (ESA/ESRIN)) 
'0-15-36', 2, IUTD14 EKMI, 94.0 (Copenhagen) 
'0-15-37', 2, IUTD14 EKMI, 94.0 (Copenhagen) 
'0-19-1', 3, JUVE00 KKCI, 7.0 (US National Weather Service (NCEP)) 
'0-19-3', 12, ISXA40 KWNO, 7.3 (NCEP /  Central Operations) 
'0-19-5', 3, JUFE00 KKCI, 7.0 (US National Weather Service (NCEP)) 
'0-19-6', 3, JUFE00 KKCI, 7.0 (US National Weather Service (NCEP)) 
'0-19-7', 2, ISXA40 KWNO, 7.3 (NCEP /  Central Operations) 
'0-19-8', 1, ISXA40 KWNO, 7.3 (NCEP /  Central Operations) 
'0-19-9', 12, ISXA40 KWNO, 7.3 (NCEP /  Central Operations) 
'0-20-1', 2, ISAI01 SBBR, 255.0 (Unknown center=255) 
'0-20-3', 1, ISAI01 SBBR, 255.0 (Unknown center=255) 
'0-20-4', 1, ISAI01 SBBR, 255.0 (Unknown center=255) 
'0-20-5', 1, ISAI01 SBBR, 255.0 (Unknown center=255) 
'0-20-8', 876, JUBE99 KKCI, 7.0 (US National Weather Service (NCEP)) 
'0-20-10', 1, ISAI01 SBBR, 255.0 (Unknown center=255) 
'0-20-11', 31, IUPE01 SBBR, 255.0 (Unknown center=255) 
'0-20-12', 896, IUPE01 SBBR, 255.0 (Unknown center=255) 
'0-20-13', 9, IUPE01 SBBR, 255.0 (Unknown center=255) 
'0-20-15', 1, JUSA41 KWNO, 7.3 (NCEP /  Central Operations) 
'0-20-21', 1, ISAI01 SBBR, 255.0 (Unknown center=255) 
'0-20-22', 1, ISAI01 SBBR, 255.0 (Unknown center=255) 
'0-20-23', 1, ISAI01 SBBR, 255.0 (Unknown center=255) 
'0-20-24', 1, ISAI01 SBBR, 255.0 (Unknown center=255) 
'0-20-25', 1, ISAI01 SBBR, 255.0 (Unknown center=255) 
'0-20-26', 1, ISAI01 SBBR, 255.0 (Unknown center=255) 
'0-20-31', 1, ISAI01 SBBR, 255.0 (Unknown center=255) 
'0-20-32', 1, ISAI01 SBBR, 255.0 (Unknown center=255) 
'0-20-41', 439, JUNE00 EGRR, 74.0 (UK Meteorological Office Bracknell (RSMC)) 
'0-20-51', 2, JUSA41 KWBC, 7.3 (NCEP /  Central Operations) 
'0-20-52', 2, JUSA41 KWBC, 7.3 (NCEP /  Central Operations) 
'0-20-53', 2, JUSA41 KWBC, 7.3 (NCEP /  Central Operations) 
'0-20-62', 1, ISAI01 SBBR, 255.0 (Unknown center=255) 
'0-20-90', 2, JUVE00 KKCI, 7.0 (US National Weather Service (NCEP)) 
'0-20-198', 1, JUSA41 KWNO, 7.3 (NCEP /  Central Operations) 
'0-20-217', 1, ISXA01 KWNO, 7.3 (NCEP /  Central Operations) 
'0-20-231', 1, JUSA41 KWNO, 7.3 (NCEP /  Central Operations) 
'0-21-14', 1, IUPT42 KBOU, 59.0 (The NOAA Forecast Systems Laboratory) 
'0-21-17', 1, IUPT42 KBOU, 59.0 (The NOAA Forecast Systems Laboratory) 
'0-21-30', 3, IUPC01 RJTD, 34.0 (Tokyo (RSMC)  Japan Meteorological Agency) 
'0-21-31', 1, ISXA01 KWNO, 7.3 (NCEP /  Central Operations) 
'0-21-62', 11, ISZA01 LFPW, 85.0 (Toulouse (RSMC)) 
'0-21-68', 9, ISZD59 EUSR, 210.1 (Frascati (ESA/ESRIN)) 
'0-21-71', 9, ISZD59 EUSR, 210.1 (Frascati (ESA/ESRIN)) 
'0-21-72', 9, ISZD59 EUSR, 210.1 (Frascati (ESA/ESRIN)) 
'0-21-73', 9, ISZD59 EUSR, 210.1 (Frascati (ESA/ESRIN)) 
'0-21-77', 9, ISZD59 EUSR, 210.1 (Frascati (ESA/ESRIN)) 
'0-21-78', 9, ISZD59 EUSR, 210.1 (Frascati (ESA/ESRIN)) 
'0-21-79', 9, ISZD59 EUSR, 210.1 (Frascati (ESA/ESRIN)) 
'0-21-80', 9, ISZD59 EUSR, 210.1 (Frascati (ESA/ESRIN)) 
'0-21-81', 9, ISZD59 EUSR, 210.1 (Frascati (ESA/ESRIN)) 
'0-21-82', 9, ISZD59 EUSR, 210.1 (Frascati (ESA/ESRIN)) 
'0-21-91', 1, IUPT42 KBOU, 59.0 (The NOAA Forecast Systems Laboratory) 
'0-21-109', 1, ISXX03 KNES, 160.0 (US NOAA/NESDIS) 
'0-21-120', 1, ISXX03 KNES, 160.0 (US NOAA/NESDIS) 
'0-21-128', 2, ISZA01 LFPW, 85.0 (Toulouse (RSMC)) 
'0-21-192', 2, IUPT03 KBOU, 59.0 (The NOAA Forecast Systems Laboratory) 
'0-22-1', 1, ISAI01 SBBR, 255.0 (Unknown center=255) 
'0-22-11', 1, ISAI01 SBBR, 255.0 (Unknown center=255) 
'0-22-21', 1, ISAI01 SBBR, 255.0 (Unknown center=255) 
'0-22-26', 9, ISZD59 EUSR, 210.1 (Frascati (ESA/ESRIN)) 
'0-22-43', 8, IUPE01 SBBR, 255.0 (Unknown center=255) 
'0-22-70', 11, ISZA01 LFPW, 85.0 (Toulouse (RSMC)) 
'0-23-2', 1, JUVE00 KKCI, 7.0 (US National Weather Service (NCEP)) 
'0-25-32', 2, IUPT03 KBOU, 59.0 (The NOAA Forecast Systems Laboratory) 
'0-25-33', 1, IUPT03 KBOU, 59.0 (The NOAA Forecast Systems Laboratory) 
'0-25-34', 5, IUPT42 KBOU, 59.0 (The NOAA Forecast Systems Laboratory) 
'0-25-45', 1, IUTX01 KNES, 7.3 (NCEP /  Central Operations) 
'0-25-48', 1, IUTX01 KNES, 7.3 (NCEP /  Central Operations) 
'0-25-49', 1, IUTX01 KNES, 7.3 (NCEP /  Central Operations) 
'0-25-60', 11, ISZA01 LFPW, 85.0 (Toulouse (RSMC)) 
'0-25-71', 1, IUTX01 KNES, 7.3 (NCEP /  Central Operations) 
'0-25-95', 1, ISZA01 LFPW, 85.0 (Toulouse (RSMC)) 
'0-25-96', 1, ISZA01 LFPW, 85.0 (Toulouse (RSMC)) 
'0-25-97', 1, ISZA01 LFPW, 85.0 (Toulouse (RSMC)) 
'0-25-220', 1, ISXT40 KBOU, 59.0 (The NOAA Forecast Systems Laboratory) 
'0-25-221', 1, ISXT40 KBOU, 59.0 (The NOAA Forecast Systems Laboratory) 
'0-25-222', 1, ISXT40 KBOU, 59.0 (The NOAA Forecast Systems Laboratory) 
'0-25-223', 1, ISXT40 KBOU, 59.0 (The NOAA Forecast Systems Laboratory) 
'0-25-224', 1, ISXT40 KBOU, 59.0 (The NOAA Forecast Systems Laboratory) 
'0-25-225', 1, ISXT40 KBOU, 59.0 (The NOAA Forecast Systems Laboratory) 
'0-26-20', 1, ISAI01 SBBR, 255.0 (Unknown center=255) 
'0-27-2', 2, JUTX07 KNES, 7.0 (US National Weather Service (NCEP)) 
'0-27-31', 12, ISZD59 EUSR, 210.1 (Frascati (ESA/ESRIN)) 
'0-28-2', 2, JUTX07 KNES, 7.0 (US National Weather Service (NCEP)) 
'0-28-31', 12, ISZD59 EUSR, 210.1 (Frascati (ESA/ESRIN)) 
'0-31-0', 1325, JUNE00 EGRR, 74.0 (UK Meteorological Office Bracknell (RSMC)) 
'0-31-1', 1357, IUPE01 SBBR, 255.0 (Unknown center=255) 
'0-31-2', 9, IUPE01 SBBR, 255.0 (Unknown center=255) 
'0-31-21', 5, ISZA01 LFPW, 85.0 (Toulouse (RSMC)) 
'0-31-31', 5, IUCI64 SBBR, 46.0 (Brazilian Space Agency ? INPE) 
'0-32-0', 3, IUAA01 CWAO, 53.0 (Montreal (RSMC)) 
'0-33-2', 3, IUPC01 RJTD, 34.0 (Tokyo (RSMC)  Japan Meteorological Agency) 
'0-33-5', 1, ISAI01 SBBR, 255.0 (Unknown center=255) 
'0-33-6', 1, ISAI01 SBBR, 255.0 (Unknown center=255) 
'0-33-7', 21, IUCI64 SBBR, 46.0 (Brazilian Space Agency ? INPE) 
'0-33-24', 5, IUPE01 SBBR, 255.0 (Unknown center=255) 
'0-33-25', 1, IUAC01 RKSL, 40.0 (Seoul) 
'0-33-35', 6, IUCN51 RJTD, 34.0 (Tokyo (RSMC)  Japan Meteorological Agency) 
'0-33-36', 6, IUCN51 RJTD, 34.0 (Tokyo (RSMC)  Japan Meteorological Agency) 
'0-33-39', 1, IUTD14 EKMI, 94.0 (Copenhagen) 
'0-33-41', 2, ISAI01 SBBR, 255.0 (Unknown center=255) 
'0-60-1', 20, JSMF10 KWNO, 7.0 (US National Weather Service (NCEP)) 
'0-60-2', 33, JSMT30 KWNO, 7.0 (US National Weather Service (NCEP)) 
'0-60-3', 24, JSMT71 KWNH, 7.0 (US National Weather Service (NCEP)) 
'0-60-4', 13, JSML31 KWNO, 7.0 (US National Weather Service (NCEP)) 
'0-60-5', 26, JSMT30 KWNO, 7.0 (US National Weather Service (NCEP)) 
'0-60-6', 23, JSMT30 KWNO, 7.0 (US National Weather Service (NCEP)) 
'0-60-7', 13, JSML31 KWNO, 7.0 (US National Weather Service (NCEP)) 
'0-60-8', 26, JSMT30 KWNO, 7.0 (US National Weather Service (NCEP)) 
'0-60-9', 23, JSMT30 KWNO, 7.0 (US National Weather Service (NCEP)) 
'0-60-10', 13, JSML31 KWNO, 7.0 (US National Weather Service (NCEP)) 
'0-60-11', 26, JSMT30 KWNO, 7.0 (US National Weather Service (NCEP)) 
'0-60-12', 23, JSMT30 KWNO, 7.0 (US National Weather Service (NCEP)) 
'0-60-13', 13, JSML31 KWNO, 7.0 (US National Weather Service (NCEP)) 
'0-60-14', 26, JSMT30 KWNO, 7.0 (US National Weather Service (NCEP)) 
'0-60-15', 23, JSMT30 KWNO, 7.0 (US National Weather Service (NCEP)) 
'0-60-16', 26, JSMT30 KWNO, 7.0 (US National Weather Service (NCEP)) 
'0-60-17', 23, JSMT30 KWNO, 7.0 (US National Weather Service (NCEP)) 
'0-60-19', 1, JSMT71 KWNH, 7.0 (US National Weather Service (NCEP)) 
'0-60-20', 20, JSMF10 KWNO, 7.0 (US National Weather Service (NCEP)) 
'0-60-21', 20, JSMF10 KWNO, 7.0 (US National Weather Service (NCEP)) 
'0-60-22', 20, JSMF10 KWNO, 7.0 (US National Weather Service (NCEP)) 
'0-60-23', 20, JSMF10 KWNO, 7.0 (US National Weather Service (NCEP)) 
'0-60-24', 20, JSMF10 KWNO, 7.0 (US National Weather Service (NCEP)) 
'0-60-25', 20, JSMF10 KWNO, 7.0 (US National Weather Service (NCEP)) 
'0-60-26', 3, JSMT47 KWBC, 7.0 (US National Weather Service (NCEP)) 
'0-60-27', 3, JSMT47 KWBC, 7.0 (US National Weather Service (NCEP)) 
'0-60-29', 3, JSMT47 KWBC, 7.0 (US National Weather Service (NCEP)) 
'0-60-30', 3, JSMT47 KWBC, 7.0 (US National Weather Service (NCEP)) 
'0-60-31', 19, JSMT30 KWNO, 7.0 (US National Weather Service (NCEP)) 
'0-60-32', 3, JSMT47 KWBC, 7.0 (US National Weather Service (NCEP)) 
'0-60-33', 19, JSMT30 KWNO, 7.0 (US National Weather Service (NCEP)) 
'0-60-34', 3, JSMT47 KWBC, 7.0 (US National Weather Service (NCEP)) 
'0-60-35', 19, JSMT30 KWNO, 7.0 (US National Weather Service (NCEP)) 
'0-60-38', 3, JSMT47 KWBC, 7.0 (US National Weather Service (NCEP)) 
'0-60-39', 3, JSMT47 KWBC, 7.0 (US National Weather Service (NCEP)) 
'0-60-40', 3, JSMT47 KWBC, 7.0 (US National Weather Service (NCEP)) 
'0-60-41', 3, JSMT47 KWBC, 7.0 (US National Weather Service (NCEP)) 
'0-60-42', 20, JSMF10 KWNO, 7.0 (US National Weather Service (NCEP)) 
'0-60-43', 20, JSMF10 KWNO, 7.0 (US National Weather Service (NCEP)) 
'0-60-44', 20, JSMF10 KWNO, 7.0 (US National Weather Service (NCEP)) 
'0-60-45', 3, JSMT47 KWBC, 7.0 (US National Weather Service (NCEP)) 
'0-60-46', 20, JSMF10 KWNO, 7.0 (US National Weather Service (NCEP)) 
'0-60-47', 20, JSMF10 KWNO, 7.0 (US National Weather Service (NCEP)) 
'0-60-48', 20, JSMF10 KWNO, 7.0 (US National Weather Service (NCEP)) 
'0-60-49', 20, JSMF10 KWNO, 7.0 (US National Weather Service (NCEP)) 
'0-60-50', 3, JSMT47 KWBC, 7.0 (US National Weather Service (NCEP)) 
'0-60-51', 3, JSMT47 KWBC, 7.0 (US National Weather Service (NCEP)) 
'0-60-52', 3, JSMT47 KWBC, 7.0 (US National Weather Service (NCEP)) 
'0-60-53', 3, JSMT47 KWBC, 7.0 (US National Weather Service (NCEP)) 
'0-60-54', 20, JSMF10 KWNO, 7.0 (US National Weather Service (NCEP)) 
'0-60-55', 20, JSMF10 KWNO, 7.0 (US National Weather Service (NCEP)) 
'0-60-56', 3, JSMT47 KWBC, 7.0 (US National Weather Service (NCEP)) 
'0-60-57', 20, JSMF10 KWNO, 7.0 (US National Weather Service (NCEP)) 
'0-60-58', 12, JSML31 KWNO, 7.0 (US National Weather Service (NCEP)) 
'0-60-59', 25, JSMT30 KWNO, 7.0 (US National Weather Service (NCEP)) 
'0-60-60', 25, JSMT30 KWNO, 7.0 (US National Weather Service (NCEP)) 
'0-60-61', 12, JSML31 KWNO, 7.0 (US National Weather Service (NCEP)) 
'0-60-62', 12, JSML31 KWNO, 7.0 (US National Weather Service (NCEP)) 
'0-60-63', 12, JSML31 KWNO, 7.0 (US National Weather Service (NCEP)) 
'0-60-66', 1, JSMT71 KWNH, 7.0 (US National Weather Service (NCEP)) 
'0-60-67', 1, JSMT71 KWNH, 7.0 (US National Weather Service (NCEP)) 
'0-60-71', 2, JSMT44 KWBC, 7.0 (US National Weather Service (NCEP)) 
'0-60-72', 2, JSMT44 KWBC, 7.0 (US National Weather Service (NCEP)) 
'0-60-79', 7, JSMF10 KWNO, 7.0 (US National Weather Service (NCEP)) 
'0-60-80', 17, JSMF10 KWNO, 7.0 (US National Weather Service (NCEP)) 
'0-60-81', 17, JSMF10 KWNO, 7.0 (US National Weather Service (NCEP)) 
'0-60-82', 7, JSMF10 KWNO, 7.0 (US National Weather Service (NCEP)) 
'0-60-83', 7, JSMF10 KWNO, 7.0 (US National Weather Service (NCEP)) 
'0-60-84', 7, JSMF10 KWNO, 7.0 (US National Weather Service (NCEP)) 
'0-60-85', 7, JSMF10 KWNO, 7.0 (US National Weather Service (NCEP)) 
'0-60-86', 7, JSMF10 KWNO, 7.0 (US National Weather Service (NCEP)) 
'0-60-87', 7, JSMF10 KWNO, 7.0 (US National Weather Service (NCEP)) 
'0-60-88', 7, JSMF10 KWNO, 7.0 (US National Weather Service (NCEP)) 
'0-60-89', 7, JSMF10 KWNO, 7.0 (US National Weather Service (NCEP)) 
'0-60-90', 62, JSMT30 KWNO, 7.0 (US National Weather Service (NCEP)) 
'0-60-91', 33, JSMT30 KWNO, 7.0 (US National Weather Service (NCEP)) 
'0-60-92', 20, JSMF10 KWNO, 7.0 (US National Weather Service (NCEP)) 
'0-60-93', 25, JSMT30 KWNO, 7.0 (US National Weather Service (NCEP)) 
'0-60-94', 20, JSMF10 KWNO, 7.0 (US National Weather Service (NCEP)) 
'0-60-95', 3, JSMT47 KWBC, 7.0 (US National Weather Service (NCEP)) 
'0-60-96', 20, JSMF10 KWNO, 7.0 (US National Weather Service (NCEP)) 
'0-60-97', 7, JSMF10 KWNO, 7.0 (US National Weather Service (NCEP)) 
'0-60-99', 3, JSMT47 KWBC, 7.0 (US National Weather Service (NCEP)) 
'0-60-100', 17, JSMF10 KWNO, 7.0 (US National Weather Service (NCEP)) 
'0-60-103', 17, JSMF10 KWNO, 7.0 (US National Weather Service (NCEP)) 
'0-60-104', 17, JSMF10 KWNO, 7.0 (US National Weather Service (NCEP)) 
'0-60-105', 4, JSMT60 KWNO, 7.0 (US National Weather Service (NCEP)) 
'0-60-106', 4, JSMT60 KWNO, 7.0 (US National Weather Service (NCEP)) 
'0-60-107', 4, JSMT60 KWNO, 7.0 (US National Weather Service (NCEP)) 
'0-60-108', 17, JSMF10 KWNO, 7.0 (US National Weather Service (NCEP)) 
'0-60-109', 17, JSMF10 KWNO, 7.0 (US National Weather Service (NCEP)) 
'0-60-112', 17, JSMF10 KWNO, 7.0 (US National Weather Service (NCEP)) 
'0-60-113', 17, JSMF10 KWNO, 7.0 (US National Weather Service (NCEP)) 
'0-60-114', 17, JSMF10 KWNO, 7.0 (US National Weather Service (NCEP)) 
'0-60-115', 17, JSMF10 KWNO, 7.0 (US National Weather Service (NCEP)) 
'0-60-116', 17, JSMF10 KWNO, 7.0 (US National Weather Service (NCEP)) 
'0-60-117', 17, JSMF10 KWNO, 7.0 (US National Weather Service (NCEP)) 
'0-60-118', 17, JSMF10 KWNO, 7.0 (US National Weather Service (NCEP)) 
'0-60-140', 4, JSMT60 KWNO, 7.0 (US National Weather Service (NCEP)) 
'0-60-141', 4, JSMT60 KWNO, 7.0 (US National Weather Service (NCEP)) 
'0-60-142', 4, JSMT60 KWNO, 7.0 (US National Weather Service (NCEP)) 
'0-60-143', 4, JSMT60 KWNO, 7.0 (US National Weather Service (NCEP)) 
'0-60-144', 19, JSMT30 KWNO, 7.0 (US National Weather Service (NCEP)) 
'0-60-145', 19, JSMT30 KWNO, 7.0 (US National Weather Service (NCEP)) 
'0-60-146', 4, JSMT60 KWNO, 7.0 (US National Weather Service (NCEP)) 
'0-60-148', 17, JSMF10 KWNO, 7.0 (US National Weather Service (NCEP)) 
'0-60-149', 10, JSML31 KWNO, 7.0 (US National Weather Service (NCEP)) 
'0-60-150', 10, JSML31 KWNO, 7.0 (US National Weather Service (NCEP)) 
'0-60-151', 10, JSML31 KWNO, 7.0 (US National Weather Service (NCEP)) 
'0-60-152', 10, JSML31 KWNO, 7.0 (US National Weather Service (NCEP)) 
'0-60-172', 9, JSMT30 KWNO, 7.0 (US National Weather Service (NCEP)) 
'0-60-173', 9, JSMT30 KWNO, 7.0 (US National Weather Service (NCEP)) 
'0-60-174', 9, JSMT30 KWNO, 7.0 (US National Weather Service (NCEP)) 
'0-60-175', 9, JSMT30 KWNO, 7.0 (US National Weather Service (NCEP)) 
'0-60-176', 9, JSMT30 KWNO, 7.0 (US National Weather Service (NCEP)) 
'0-60-181', 9, JSMT30 KWNO, 7.0 (US National Weather Service (NCEP)) 
'0-60-182', 9, JSMT30 KWNO, 7.0 (US National Weather Service (NCEP)) 
'0-60-183', 9, JSMT30 KWNO, 7.0 (US National Weather Service (NCEP)) 
'0-60-184', 9, JSMT30 KWNO, 7.0 (US National Weather Service (NCEP)) 
'0-60-186', 9, JSMT30 KWNO, 7.0 (US National Weather Service (NCEP)) 
'0-60-190', 17, JSMF10 KWNO, 7.0 (US National Weather Service (NCEP)) 
'0-60-192', 13, JSMT30 KWNO, 7.0 (US National Weather Service (NCEP)) 
'0-60-193', 7, JSMF10 KWNO, 7.0 (US National Weather Service (NCEP)) 
'0-60-194', 7, JSMF10 KWNO, 7.0 (US National Weather Service (NCEP)) 
'0-60-195', 7, JSMF10 KWNO, 7.0 (US National Weather Service (NCEP)) 
'0-60-200', 7, JSMF10 KWNO, 7.0 (US National Weather Service (NCEP)) 
'0-60-201', 7, JSMF10 KWNO, 7.0 (US National Weather Service (NCEP)) 
'0-60-202', 7, JSMF10 KWNO, 7.0 (US National Weather Service (NCEP)) 
'0-60-203', 7, JSMF10 KWNO, 7.0 (US National Weather Service (NCEP)) 
'0-60-204', 7, JSMF10 KWNO, 7.0 (US National Weather Service (NCEP)) 
'0-60-205', 7, JSMF10 KWNO, 7.0 (US National Weather Service (NCEP)) 
'1-1-0', 898, IUPE01 SBBR, 255.0 (Unknown center=255) 
'1-1-3', 3, IUSV52 KWBC, 7.0 (US National Weather Service (NCEP)) 
'1-1-4', 18, IUCN51 RJTD, 34.0 (Tokyo (RSMC)  Japan Meteorological Agency) 
'1-1-5', 1, ISAI01 SBBR, 255.0 (Unknown center=255) 
'1-1-10', 7, JFCX01 KNES, 160.0 (US NOAA/NESDIS) 
'1-1-12', 1, IUST43 KWBC, 7.0 (US National Weather Service (NCEP)) 
'1-1-13', 2, IUSZ43 KWBC, 7.0 (US National Weather Service (NCEP)) 
'1-1-15', 1, IUCI64 SBBR, 46.0 (Brazilian Space Agency ? INPE) 
'1-1-30', 2, IUST46 KWBC, 7.0 (US National Weather Service (NCEP)) 
'1-1-35', 2, IUST54 KWBC, 7.0 (US National Weather Service (NCEP)) 
'1-1-40', 4, IUSV54 KWBC, 7.0 (US National Weather Service (NCEP)) 
'1-1-50', 2, IUSV52 KWBC, 7.0 (US National Weather Service (NCEP)) 
'1-1-103', 4, JFCX01 KNES, 160.0 (US NOAA/NESDIS) 
'1-2-0', 447, JUBE99 KKCI, 7.0 (US National Weather Service (NCEP)) 
'1-2-18', 4, JUTX07 KNES, 7.0 (US National Weather Service (NCEP)) 
'1-2-35', 2, IUST54 KWBC, 7.0 (US National Weather Service (NCEP)) 
'1-2-40', 2, IUSV54 KWBC, 7.0 (US National Weather Service (NCEP)) 
'1-2-135', 2, IUSV52 KWBC, 7.0 (US National Weather Service (NCEP)) 
'1-3-0', 877, JUTE97 KKCI, 7.0 (US National Weather Service (NCEP)) 
'1-3-2', 1, ISAI01 SBBR, 255.0 (Unknown center=255) 
'1-3-10', 4, JFCX01 KNES, 160.0 (US NOAA/NESDIS) 
'1-4-0', 438, JUFE00 KKCI, 7.0 (US National Weather Service (NCEP)) 
'1-4-2', 1, ISZA01 LFPW, 85.0 (Toulouse (RSMC)) 
'1-5-0', 1, ISAI01 SBBR, 255.0 (Unknown center=255) 
'1-5-4', 1, ISAI01 SBBR, 255.0 (Unknown center=255) 
'1-6-0', 3, IUPC01 RJTD, 34.0 (Tokyo (RSMC)  Japan Meteorological Agency) 
'1-6-2', 2, IUST51 KWBC, 7.0 (US National Weather Service (NCEP)) 
'1-6-3', 4, IUSV51 KWBC, 7.0 (US National Weather Service (NCEP)) 
'1-7-0', 1, JUSA41 KWBC, 7.3 (NCEP /  Central Operations) 
'1-7-3', 1, ISZA01 LFPW, 85.0 (Toulouse (RSMC)) 
'1-7-14', 1, IUST51 KWBC, 7.0 (US National Weather Service (NCEP)) 
'1-7-15', 2, IUSV51 KWBC, 7.0 (US National Weather Service (NCEP)) 
'1-8-0', 4, JUVE00 KKCI, 7.0 (US National Weather Service (NCEP)) 
'1-9-0', 3, JUWE96 KKCI, 7.0 (US National Weather Service (NCEP)) 
'1-10-0', 1, JUFE00 KKCI, 7.0 (US National Weather Service (NCEP)) 
'1-10-2', 1, JSAT98 KKCI, 7.0 (US National Weather Service (NCEP)) 
'1-10-4', 4, JFCX01 KNES, 160.0 (US NOAA/NESDIS) 
'1-11-0', 5, JUTE97 KKCI, 7.0 (US National Weather Service (NCEP)) 
'1-12-0', 2, JUBE99 KKCI, 7.0 (US National Weather Service (NCEP)) 
'1-13-0', 2, JUVE00 KKCI, 7.0 (US National Weather Service (NCEP)) 
'1-14-0', 1, ISXA01 KWNO, 7.3 (NCEP /  Central Operations) 
'1-15-0', 3, JUWE96 KKCI, 7.0 (US National Weather Service (NCEP)) 
'1-16-0', 3, JSAT98 KKCI, 7.0 (US National Weather Service (NCEP)) 
'1-17-0', 2, JUVE00 KKCI, 7.0 (US National Weather Service (NCEP)) 
'1-18-41', 1, JUTX07 KNES, 7.0 (US National Weather Service (NCEP)) 
'1-19-7', 1, IUPT03 KBOU, 59.0 (The NOAA Forecast Systems Laboratory) 
'1-19-36', 1, IUPT03 KBOU, 59.0 (The NOAA Forecast Systems Laboratory) 
'1-23-2', 1, ISZA01 LFPW, 85.0 (Toulouse (RSMC)) 
'2-1-0', 66, ISXT40 KBOU, 59.0 (The NOAA Forecast Systems Laboratory) 
'2-1-116', 4, IUPT03 KBOU, 59.0 (The NOAA Forecast Systems Laboratory) 
'2-1-118', 1, JUTX07 KNES, 7.0 (US National Weather Service (NCEP)) 
'2-1-120', 2, IUTD14 EKMI, 94.0 (Copenhagen) 
'2-1-122', 1, IUTD14 EKMI, 94.0 (Copenhagen) 
'2-1-123', 2, IUTD14 EKMI, 94.0 (Copenhagen) 
'2-1-125', 1, IUTD14 EKMI, 94.0 (Copenhagen) 
'2-1-127', 2, IUPT43 KBOU, 59.0 (The NOAA Forecast Systems Laboratory) 
'2-1-129', 6, ISZA01 LFPW, 85.0 (Toulouse (RSMC)) 
'2-1-130', 1, ISZA01 LFPW, 85.0 (Toulouse (RSMC)) 
'2-1-132', 8, ISXA01 KWNO, 7.3 (NCEP /  Central Operations) 
'2-1-133', 2, ISXA01 KWNO, 7.3 (NCEP /  Central Operations) 
'2-1-134', 2, ISZA01 LFPW, 85.0 (Toulouse (RSMC)) 
'2-1-135', 3, JUTX07 KNES, 7.0 (US National Weather Service (NCEP)) 
'2-1-136', 2, JUTX07 KNES, 7.0 (US National Weather Service (NCEP)) 
'2-1-138', 20, ISXT40 KBOU, 59.0 (The NOAA Forecast Systems Laboratory) 
'2-1-141', 9, ISZD59 EUSR, 210.1 (Frascati (ESA/ESRIN)) 
'2-2-0', 51, ISXT40 KBOU, 59.0 (The NOAA Forecast Systems Laboratory) 
'2-2-126', 1, JUTX07 KNES, 7.0 (US National Weather Service (NCEP)) 
'2-2-127', 2, JUTX07 KNES, 7.0 (US National Weather Service (NCEP)) 
'2-2-129', 7, ISZA01 LFPW, 85.0 (Toulouse (RSMC)) 
'2-2-130', 17, ISZD59 EUSR, 210.1 (Frascati (ESA/ESRIN)) 
'2-2-131', 24, ISXT40 KBOU, 59.0 (The NOAA Forecast Systems Laboratory) 
'2-4-0', 5, ISZA01 LFPW, 85.0 (Toulouse (RSMC)) 
'2-4-1', 5, ISZA01 LFPW, 85.0 (Toulouse (RSMC)) 
'2-5-45', 1, JSAT98 KKCI, 7.0 (US National Weather Service (NCEP)) 
'2-6-2', 4, JUSA41 KWBC, 7.3 (NCEP /  Central Operations) 
'2-6-3', 1, ISXA01 KWNO, 7.3 (NCEP /  Central Operations) 
'2-6-8', 2, IUPT03 KBOU, 59.0 (The NOAA Forecast Systems Laboratory) 
'2-6-9', 2, ISXT40 KBOU, 59.0 (The NOAA Forecast Systems Laboratory) 
'2-6-10', 2, ISXA01 KWNO, 7.3 (NCEP /  Central Operations) 
'2-6-12', 1, JUSA41 KWBC, 7.3 (NCEP /  Central Operations) 
'2-6-13', 3, ISXT40 KBOU, 59.0 (The NOAA Forecast Systems Laboratory) 
'2-6-14', 4, ISXA01 KWNO, 7.3 (NCEP /  Central Operations) 
'2-6-15', 1, JUSA41 KWBC, 7.3 (NCEP /  Central Operations) 
'2-6-16', 3, ISXT40 KBOU, 59.0 (The NOAA Forecast Systems Laboratory) 
'2-6-18', 1, JUSA41 KWBC, 7.3 (NCEP /  Central Operations) 
'2-6-20', 1, JUSA41 KWBC, 7.3 (NCEP /  Central Operations) 
'2-6-24', 1, JUSA41 KWBC, 7.3 (NCEP /  Central Operations) 
'2-6-32', 1, ISXT40 KBOU, 59.0 (The NOAA Forecast Systems Laboratory) 
'2-22-0', 26, IUCI64 SBBR, 46.0 (Brazilian Space Agency ? INPE) 
'2-36-0', 5, IUCI64 SBBR, 46.0 (Brazilian Space Agency ? INPE) 
'2-37-0', 21, JFCX01 KNES, 160.0 (US NOAA/NESDIS) 
'3-1-1', 23, IUPE01 SBBR, 255.0 (Unknown center=255) 
'3-1-4', 1, ISAI01 SBBR, 255.0 (Unknown center=255) 
'3-1-11', 55, ISXT40 KBOU, 59.0 (The NOAA Forecast Systems Laboratory) 
'3-1-12', 45, ISXT40 KBOU, 59.0 (The NOAA Forecast Systems Laboratory) 
'3-1-13', 14, IUPE01 SBBR, 255.0 (Unknown center=255) 
'3-1-21', 20, IUPE01 SBBR, 255.0 (Unknown center=255) 
'3-1-22', 1, ISXT40 KBOU, 59.0 (The NOAA Forecast Systems Laboratory) 
'3-1-23', 10, ISZD59 EUSR, 210.1 (Frascati (ESA/ESRIN)) 
'3-1-24', 17, IUST51 KWBC, 7.0 (US National Weather Service (NCEP)) 
'3-1-32', 3, IUPT42 KBOU, 59.0 (The NOAA Forecast Systems Laboratory) 
'3-1-45', 9, ISZD59 EUSR, 210.1 (Frascati (ESA/ESRIN)) 
'3-1-47', 9, ISZD59 EUSR, 210.1 (Frascati (ESA/ESRIN)) 
'3-1-51', 2, IUAA01 CWAO, 53.0 (Montreal (RSMC)) 
'3-1-71', 4, JFCX01 KNES, 160.0 (US NOAA/NESDIS) 
'3-1-72', 4, JFCX01 KNES, 160.0 (US NOAA/NESDIS) 
'3-1-90', 1, ISAI01 SBBR, 255.0 (Unknown center=255) 
'3-1-91', 1, ISAI01 SBBR, 255.0 (Unknown center=255) 
'3-1-111', 5, IUPE01 SBBR, 255.0 (Unknown center=255) 
'3-1-113', 5, IUPE01 SBBR, 255.0 (Unknown center=255) 
'3-1-114', 5, IUPE01 SBBR, 255.0 (Unknown center=255) 
'3-2-1', 1, ISAI01 SBBR, 255.0 (Unknown center=255) 
'3-2-21', 1, ISAI01 SBBR, 255.0 (Unknown center=255) 
'3-2-49', 5, IUPE01 SBBR, 255.0 (Unknown center=255) 
'3-2-69', 1, ISAI01 SBBR, 255.0 (Unknown center=255) 
'3-2-71', 1, ISAI01 SBBR, 255.0 (Unknown center=255) 
'3-2-72', 1, ISAI01 SBBR, 255.0 (Unknown center=255) 
'3-2-73', 1, ISAI01 SBBR, 255.0 (Unknown center=255) 
'3-2-74', 1, ISAI01 SBBR, 255.0 (Unknown center=255) 
'3-2-75', 1, ISAI01 SBBR, 255.0 (Unknown center=255) 
'3-2-76', 1, ISAI01 SBBR, 255.0 (Unknown center=255) 
'3-2-77', 1, ISAI01 SBBR, 255.0 (Unknown center=255) 
'3-2-78', 1, ISAI01 SBBR, 255.0 (Unknown center=255) 
'3-2-79', 1, ISAI01 SBBR, 255.0 (Unknown center=255) 
'3-2-80', 1, ISAI01 SBBR, 255.0 (Unknown center=255) 
'3-2-81', 1, ISAI01 SBBR, 255.0 (Unknown center=255) 
'3-2-82', 1, ISAI01 SBBR, 255.0 (Unknown center=255) 
'3-2-83', 1, ISAI01 SBBR, 255.0 (Unknown center=255) 
'3-3-3', 6, IUST54 KWBC, 7.0 (US National Weather Service (NCEP)) 
'3-3-11', 2, IUST46 KWBC, 7.0 (US National Weather Service (NCEP)) 
'3-3-12', 8, IUST54 KWBC, 7.0 (US National Weather Service (NCEP)) 
'3-3-14', 3, IUSZ43 KWBC, 7.0 (US National Weather Service (NCEP)) 
'3-3-41', 4, JFCX01 KNES, 160.0 (US NOAA/NESDIS) 
'3-3-51', 5, IUPE01 SBBR, 255.0 (Unknown center=255) 
'3-3-54', 5, IUPE01 SBBR, 255.0 (Unknown center=255) 
'3-4-11', 4, JFCX01 KNES, 160.0 (US NOAA/NESDIS) 
'3-4-30', 12, ISZD59 EUSR, 210.1 (Frascati (ESA/ESRIN)) 
'3-4-31', 11, ISZD59 EUSR, 210.1 (Frascati (ESA/ESRIN)) 
'3-7-63', 1, ISAI01 SBBR, 255.0 (Unknown center=255) 
'3-9-52', 5, IUPE01 SBBR, 255.0 (Unknown center=255) 
'3-10-14', 4, JFCX01 KNES, 160.0 (US NOAA/NESDIS) 
'3-10-22', 1, IUTD14 EKMI, 94.0 (Copenhagen) 
'3-10-26', 1, IUTD14 EKMI, 94.0 (Copenhagen) 
'3-11-1', 2, IUAA01 CWAO, 53.0 (Montreal (RSMC)) 
'3-11-5', 1, IUAC01 RKSL, 40.0 (Seoul) 
'3-11-6', 1, IUAC01 RJTD, 34.0 (Tokyo (RSMC)  Japan Meteorological Agency) 
'3-11-7', 1, IUAD02 VHHH, 110.0 (Hong-Kong) 
'3-11-8', 1, IUAC01 RJTD, 34.0 (Tokyo (RSMC)  Japan Meteorological Agency) 
'3-12-22', 9, ISZD59 EUSR, 210.1 (Frascati (ESA/ESRIN)) 
'3-12-41', 9, ISZD59 EUSR, 210.1 (Frascati (ESA/ESRIN)) 
'3-12-42', 9, ISZD59 EUSR, 210.1 (Frascati (ESA/ESRIN)) 
'3-60-2', 2, JUSA41 KWNO, 7.3 (NCEP /  Central Operations) 
'3-62-1', 1, JUSA41 KWNO, 7.3 (NCEP /  Central Operations) 
'3-62-2', 1, JUSA41 KWNO, 7.3 (NCEP /  Central Operations) 
'3-62-101', 1, JUSA41 KWNO, 7.3 (NCEP /  Central Operations) 
'3-62-102', 1, JUSA41 KWNO, 7.3 (NCEP /  Central Operations) 
'3-62-103', 1, JUSA41 KWNO, 7.3 (NCEP /  Central Operations) 
'3-62-104', 1, JUSA41 KWNO, 7.3 (NCEP /  Central Operations) 
'3-62-105', 1, JUSA41 KWNO, 7.3 (NCEP /  Central Operations) 
'3-62-110', 1, JUSA41 KWNO, 7.3 (NCEP /  Central Operations) 
