 Earth Science, Atmosphere , Atmospheric Pressure , Atmospheric Pressure Measurements,1
 Earth Science, Atmosphere , Atmospheric Pressure , Sea Level Pressure,2
 Earth Science, Oceans , Ocean Pressure , Sea Level Pressure,2
 Earth Science, Atmosphere , Atmospheric Pressure , Pressure Tendency,3
 Earth Science, Atmosphere , Altitude , Geopotential Height,6
 Earth Science, Atmosphere , Altitude , Geopotential Height,7
 Earth Science, Atmosphere , Altitude , Barometric Altitude,8
 Earth Science, Atmosphere , Atmospheric Chemistry/Oxygen Compounds , Ozone,10
 Earth Science, Atmosphere , Atmospheric Temperature , Air Temperature,11
 Earth Science, Atmosphere , Atmospheric Temperature , Virtual Temperature,12
 Earth Science, Atmosphere , Atmospheric Temperature , Potential Temperature,13
 Earth Science, Atmosphere , Atmospheric Temperature , Potential Temperature,14
 Earth Science, Atmosphere , Atmospheric Temperature , Maximum/Minimum Temperature,15
 Earth Science, Atmosphere , Atmospheric Temperature , Maximum/Minimum Temperature,16
 Earth Science, Atmosphere , Atmospheric Water Vapor , Dew Point,17
 Earth Science, Atmosphere , Atmospheric Water Vapor , Dew Point,18
 Earth Science, Atmosphere , Air Quality , Visibility,20
 Earth Science, Atmosphere , Atmospheric Temperature , Atmospheric Stability, 24
 Earth Science, Atmosphere , Atmospheric Temperature , Temperature Anomalies,25
 Earth Science, Atmosphere , Atmospheric Pressure , Pressure Anomalies,26
 Earth Science, Atmosphere , Atmospheric Winds , Surface Winds,31
 Earth Science, Atmosphere , Atmospheric Winds , Upper Level Winds,31
 Earth Science, Atmosphere , Atmospheric Winds , Surface Winds,32
 Earth Science, Atmosphere , Atmospheric Winds , Upper Level Winds,32
 Earth Science, Atmosphere , Atmospheric Winds , Surface Winds,33
 Earth Science, Atmosphere , Atmospheric Winds , Upper Level Winds,33
 Earth Science, Atmosphere , Atmospheric Winds , Surface Winds,34
 Earth Science, Atmosphere , Atmospheric Winds , Upper Level Winds,34
 Earth Science, Atmosphere , Atmospheric Winds , Streamfunctions,35
 Earth Science, Atmosphere , Atmospheric Winds , Streamfunctions,37
 Earth Science, Atmosphere , Atmospheric Winds , Vertical Wind Motion,38
 Earth Science, Atmosphere , Atmospheric Winds , Vertical Wind Motion,39
 Earth Science, Atmosphere , Atmospheric Winds , Vertical Wind Motion,40
 Earth Science, Atmosphere , Atmospheric Winds , Vorticity,41
 Earth Science, Atmosphere , Atmospheric Winds , Convergence/Divergence,42
 Earth Science, Atmosphere , Atmospheric Winds , Vorticity,43
 Earth Science, Atmosphere , Atmospheric Winds , Convergence/Divergence,44
 Earth Science, Atmosphere , Atmospheric Winds , Wind Shear,45
 Earth Science, Atmosphere , Atmospheric Winds , Wind Shear,46
 Earth Science, Oceans , Ocean Circulation , Ocean Currents,47
 Earth Science, Oceans , Ocean Circulation , Ocean Currents,48
 Earth Science, Oceans , Ocean Circulation , Ocean Currents,49
 Earth Science, Oceans , Ocean Circulation , Ocean Currents,50
 Earth Science, Atmosphere , Atmospheric Water Vapor , Humidity,51
 Earth Science, Atmosphere , Atmospheric Water Vapor , Humidity,52
 Earth Science, Atmosphere , Atmospheric Water Vapor , Humidity,53
 Earth Science, Atmosphere , Atmospheric Water Vapor , Precipitable Water,54
 Earth Science, Atmosphere , Atmospheric Water Vapor , Water Vapor,55
 Earth Science, Atmosphere , Atmospheric Water Vapor , Evaporation,57
 Earth Science, Atmosphere , Clouds , Cloud Liquid Water/Ice,58
 Earth Science, Atmosphere , Precipitation , Precipitation Rate,59
 Earth Science, Atmosphere , Atmospheric Phenomena , Storms, 60
 Earth Science, Atmosphere , Precipitation , Precipitation Anomalies,61
 Earth Science, Atmosphere , Precipitation , Precipitation Anomalies,62
 Earth Science, Atmosphere , Precipitation , Precipitation Anomalies,63
 Earth Science, Atmosphere , Precipitation , Snow,64
 Earth Science, Cryosphere , Snow/Ice , Snow Water Equivalent,65
 Earth Science, Cryosphere , Snow/Ice , Snow Depth,66
 Earth Science, Oceans , Ocean Temperature , Thermocline,68
 Earth Science, Oceans , Ocean Temperature , Thermocline,69
 Earth Science, Oceans , Ocean Temperature , Thermocline,70
 Earth Science, Atmosphere , Clouds , Cloud Amount/Frequency,71
 Earth Science, Atmosphere , Clouds , Cloud Amount/Frequency,72
 Earth Science, Atmosphere , Clouds , Cloud Amount/Frequency,73
 Earth Science, Atmosphere , Clouds , Cloud Amount/Frequency,74
 Earth Science, Atmosphere , Clouds , Cloud Amount/Frequency,75
 Earth Science, Atmosphere , Clouds , Cloud Liquid Water/Ice,76
 Earth Science, Atmosphere , Precipitation , Snow,78
 Earth Science, Atmosphere , Precipitation , Snow,79
 Earth Science, Oceans , Ocean Temperature , Sea Surface Temperature,80
 Earth Science, Land Surface , Topography , Surface Roughness,83
 Earth Science, Land Surface , Surface Radiative Properties , Albedo,84
 Earth Science, Agriculture , Soils , Soil Temperature,85
 Earth Science, Land Surface , Soils , Soil Temperature,85
 Earth Science, Agriculture , Soils , Soil Moisture/Water Content,86
 Earth Science, Land Surface , Soils , Soil Moisture/Water Content,86
 Earth Science, Biosphere , Vegetation , Vegetation Cover,87
 Earth Science, Biosphere , Vegetation , Vegetation Index,87
 Earth Science, Biosphere , Vegetation , Vegetation Species,87
 Earth Science, Oceans , Salinity/Density , Salinity,88
 Earth Science, Oceans , Salinity/Density , Density,89
 Earth Science, Hydrosphere , Surface Water , Runoff,90
 Earth Science, Cryosphere , Sea Ice , Sea Ice Concentration,91
 Earth Science, Oceans , Sea Ice , Sea Ice Concentration,91
 Earth Science, Cryosphere , Sea Ice , Ice Depth/Thickness,92
 Earth Science, Oceans , Sea Ice , Ice Depth/Thickness,92
 Earth Science, Cryosphere , Sea Ice , Ice Growth/Melt,97
 Earth Science, Oceans , Sea Ice , Ice Growth/Melt,97
 Earth Science, Cryosphere , Snow/Ice , Snow Melt,99
 Earth Science, Hydrosphere , Snow/Ice , Snow Melt,99
 Earth Science, Oceans , Ocean Waves , Wind Waves,100
 Earth Science, Oceans , Ocean Waves , Wave Speed/Direction,101
 Earth Science, Oceans , Ocean Waves , Wave Height,102
 Earth Science, Oceans , Ocean Waves , Wave Period,103
 Earth Science, Oceans , Ocean Waves , Swells,104
 Earth Science, Oceans , Ocean Waves , Swells,105
 Earth Science, Oceans , Ocean Waves , Swells,106
 Earth Science, Oceans , Ocean Waves , Wave Speed/Direction,107
 Earth Science, Oceans , Ocean Waves , Wave Period,108
 Earth Science, Oceans , Ocean Waves , Wave Speed/Direction,109
 Earth Science, Oceans , Ocean Waves , Wave Period,110
 Earth Science, Atmosphere , Atmospheric Radiation , Shortwave Radiation,111
 Earth Science, Atmosphere , Atmospheric Radiation , Radiative Flux,112
 Earth Science, Atmosphere , Atmospheric Radiation , Shortwave Radiation,113
 Earth Science, Atmosphere , Atmospheric Radiation , Radiative Flux,114
 Earth Science, Atmosphere , Atmospheric Radiation , Longwave Radiation,115
 Earth Science, Atmosphere , Atmospheric Radiation , Incoming Solar Radiation,116
 Earth Science, Atmosphere , Atmospheric Radiation , Shortwave Radiation,116
 Earth Science, Spectral/Engineering , Infrared Wavelengths , Brightness Temperature,118
 Earth Science, Spectral/Engineering , Microwave , Brightness Temperature,118
 Earth Science, Atmosphere , Atmospheric Radiation , Longwave Radiation,119
 Earth Science, Atmosphere , Atmospheric Radiation , Shortwave Radiation,120
 Earth Science, Atmosphere , Atmospheric Radiation , Heat Flux,121
 Earth Science, Atmosphere , Atmospheric Radiation , Heat Flux,122
 Earth Science, Spectral/Engineering , Infrared Wavelengths , Infrared Imagery,127
 Earth Science, Spectral/Engineering , Microwave , Microwave Imagery,127
 Earth Science, Spectral/Engineering , Radar , Radar Imagery,127
 Earth Science, Spectral/Engineering , Visible Wavelengths , Visible Imagery,127
 Earth Science, Atmosphere , Atmospheric Pressure , Sea Level Pressure,128
 Earth Science, Oceans , Ocean Pressure , Sea Level Pressure,128
 Earth Science, Atmosphere , Atmospheric Pressure , Sea Level Pressure,129
 Earth Science, Oceans , Ocean Pressure , Sea Level Pressure,129
 Earth Science, Atmosphere , Atmospheric Pressure , Sea Level Pressure,130
 Earth Science, Oceans , Ocean Pressure , Sea Level Pressure,130
 Earth Science, Atmosphere , Atmospheric Temperature , Atmospheric Stability, 131
 Earth Science, Atmosphere, Atmospheric Temperature, Atmospheric Stability, 132
 Earth Science, Atmosphere , Atmospheric Winds , Wind Shear,136
 Earth Science, Atmosphere , Atmospheric Pressure , Pressure Tendency,137
 Earth Science, Atmosphere , Atmospheric Winds , Vorticity,139
 Earth Science, Atmosphere , Precipitation , Rain,140
 Earth Science, Atmosphere , Precipitation , Freezing Rain,141
 Earth Science, Atmosphere , Precipitation , Hail,142
 Earth Science, Atmosphere , Precipitation , Snow,143
 Earth Science, Land Surface , Soils , Soil Moisture/Water Content, 144
 Earth Science, Atmosphere , Clouds , Cloud Liquid Water/Ice,153
 Earth Science, Atmosphere , Atmospheric Radiation , Heat Flux,155
 Earth Science, Atmosphere , Atmospheric Winds , Convection, 156
 Earth Science, Atmosphere,  Atmospheric Winds,  Convection,  157
 Earth Science, Atmosphere , Atmospheric Radiation , Solar Radiation,160
 Earth Science, Atmosphere , Atmospheric Radiation , Incoming Solar Radiation,161
 Earth Science, Atmosphere , Atmospheric Radiation , Longwave Radiation,162
 Earth Science, Atmosphere , Atmospheric Radiation , Longwave Radiation,163
 Earth Science, Atmosphere , Clouds , Cloud Forcing,164
 Earth Science, Atmosphere , Clouds , Cloud Forcing,165
 Earth Science, Atmosphere , Atmospheric Radiation , Incoming Solar Radiation,166
 Earth Science, Atmosphere , Atmospheric Radiation , Solar Radiation,166
 Earth Science, Atmosphere , Atmospheric Radiation , Incoming Solar Radiation,167
 Earth Science, Atmosphere , Atmospheric Radiation , Solar Radiation,167
 Earth Science, Atmosphere , Atmospheric Radiation , Solar Radiation,168
 Earth Science, Atmosphere , Atmospheric Radiation , Solar Radiation,169
 Earth Science, Atmosphere , Atmospheric Phenomena , Storms, 190
 Earth Science, Atmosphere , Precipitation , Precipitation Amount, 193
 Earth Science, Atmosphere , Precipitation , Freezing Rain, 194
 Earth Science, Atmosphere , Precipitation , Freezing Rain, 195
 Earth Science, Atmosphere , Atmospheric Radiation , Shortwave Radiation,204
 Earth Science, Atmosphere , Atmospheric Radiation , Longwave Radiation,205
 Earth Science, Atmosphere , Atmospheric Radiation , Ultraviolet Radiation,206
 Earth Science, Atmosphere , Atmospheric Radiation , Shortwave Radiation,211
 Earth Science, Atmosphere , Atmospheric Radiation , Longwave Radiation,212
 Earth Science, Atmosphere , Clouds , Cloud Amount/Frequency,213
 Earth Science, Atmosphere , Precipitation , Rain,214
 Earth Science, Atmosphere , Atmospheric Temperature , Temperature Tendency,215
 Earth Science, Atmosphere , Atmospheric Temperature , Temperature Tendency,216
 Earth Science, Atmosphere , Atmospheric Temperature , Temperature Tendency,217
 Earth Science, Atmosphere , Altitude , Planetary Boundary Layer Height,221
 Earth Science, Atmosphere , Atmospheric Pressure , Planetary Boundary Layer Height,221
 Earth Science, Atmosphere , Altitude , Geopotential Height,222
 Earth Science, Biosphere , Vegetation , Canopy Characteristics,223
 Earth Science, Hydrosphere , Ground Water , Ground Water Discharge/Flow,234
 Earth Science, Hydrosphere , Surface Water , Runoff,235
 Earth Science, Atmosphere , Atmospheric Chemistry/Oxygen Compounds , Ozone,237
 Earth Science, Cryosphere , Snow/Ice , Snow Cover,238
 Earth Science, Hydrosphere , Snow/Ice , Snow Cover,238
 Earth Science, Cryosphere , Snow/Ice , Snow/Ice Temperature,239
 Earth Science, Hydrosphere , Snow/Ice , Snow/Ice Temperature,239
 Earth Science, Atmosphere , Atmospheric Radiation , Atmospheric Heating,241
 Earth Science, Atmosphere , Atmospheric Radiation , Atmospheric Heating,242
 Earth Science, Atmosphere , Atmospheric Radiation , Atmospheric Heating,243
 Earth Science, Atmosphere , Atmospheric Radiation , Atmospheric Heating,244
 Earth Science, Atmosphere , Atmospheric Radiation , Atmospheric Heating,245
 Earth Science, Atmosphere , Atmospheric Radiation , Atmospheric Heating,246
 Earth Science, Atmosphere , Atmospheric Radiation , Atmospheric Heating,247
 Earth Science, Atmosphere , Atmospheric Radiation , Atmospheric Heating,248
 Earth Science, Atmosphere , Atmospheric Radiation , Atmospheric Heating,249
 Earth Science, Atmosphere , Atmospheric Radiation , Atmospheric Heating,250
 Earth Science, Atmosphere , Atmospheric Radiation , Atmospheric Heating,251
